-6.3952160394500215,4.2694736715783996,0
-5.7811409747909028,4.8680449720849914,0
-8.3146375930617769,3.5511751171579284,0
-8.7032893216918428,2.7718181606759948,0
-2.3389559305022676,6.7726022001733703,0
-3.5751038110564668,6.5841385122766418,0
-4.614899209768625,8.6786576506128235,0
-7.5050344980071504,5.9982676502695007,0
-8.4696231401275117,2.130621790551178,0
-5.9515142953704316,3.7246380444993896,0
-10.223794511587473,8.3037334677209778,0
-4.0936084306548555,7.8022032972803039,0
-5.2043057000945527,6.0134102102746887,0
-11.167787603170725,8.1221045252313537,0
-5.0505483663390596,4.0510476824273987,0
-2.8384657419036348,5.5145449635019226,0
-8.3911479032348115,8.0238243338098449,0
-7.105613104135843,0.34528505768679807,0
-7.3197204387496431,5.017787933014862,0
-9.4428315675567109,4.8425359722604675,0
-1.7306385553191621,1.8461154695978088,0
-2.8708954370330293,0.62743484940432737,0
-6.1121118581603486,7.9433604475488586,0
-7.6196733033965547,3.7377695437898559,0
-8.3595488584350068,1.3217855688562317,0
-2.1200852907012422,5.4786283966531677,0
-5.8826965606521089,7.3394180532922668,0
-1.5479808366607148,8.5320869680871887,0
-1.5772510087798555,0.50351965393923948,0
-7.1836597240279634,8.9930745359888,0
-6.2880635774444062,-0.47516524825192263,0
-8.1358674085448701,8.6097608801355285,0
-7.4230740583251436,0.85816061463259885,0
-2.8902829206298311,6.4124294516076965,0
-4.8295456683944185,6.5346361395349426,0
-8.4974825895141084,8.4306360479822082,0
-4.3393421686004121,-0.44802796874142459,0
-3.1695695436309297,4.0212456580629272,0
-7.7598274267028291,6.9741178747644348,0
-1.6924000299285371,3.8078452345361633,0
-11.06657939317927,8.0124446150293274,0
-9.7710586107085664,6.0760058161249084,0
-3.307824186117502,-0.51115930113888552,0
-4.3467813051055391,0.24473965134524534,0
-9.1466784990142305,2.190516113900177,0
-3.775689176351877,2.8368068930139465,0
-9.596046499044748,0.54214441742800901,0
-4.4271195447753389,2.0391699072351379,0
-2.1484256303618867,-0.42296826872921756,0
-3.686432412893625,4.4987739321222229,0
-2.8335319732911692,4.1494940634982989,0
0.35532415158676045,6.9193052169101641,0
-5.6827515339143382,5.3797899600284502,0
1.3955467963926687,-0.54347144400902536,0
0.75471771008895772,3.2109089609401629,0
-1.2856816028840647,7.5227414485233233,0
-5.7001942371614085,2.2214840766208575,0
-5.3556395744569407,2.0998643752353594,0
1.0400041366331472,2.0016394969242022,0
-1.3433371757753001,5.8547829505222246,0
-7.590825197625886,0.99017657005957815,0
-6.3832474922425853,-0.83824979102440622,0
-1.6071932291276561,5.2037631388919756,0
-1.8075870250947581,4.3775104399936602,0
-6.0761948799378978,3.7568672415035174,0
-6.6552427982575999,7.2417568084018633,0
1.5353635574095144,8.5070418235080645,0
1.9836100364439382,7.2686194297092364,0
-3.4535791253335582,8.3950518485324785,0
-6.812025902200471,3.1765698310153887,0
-3.7276090955026255,3.227763664366524,0
1.4248837257139577,1.7454339381473467,0
2.1237376952879323,6.4774476405399248,0
-7.7024179672486888,5.4174577113407061,0
-6.6929506038911448,4.1280033108013079,0
0.22510898358749287,1.1535331126468584,0
-3.2747461175210582,8.9625643607395098,0
-3.3285557007081614,1.2910083647983477,0
-2.0006208395249949,8.3576349135654375,0
1.7595609451048269,4.1675250645893023,0
0.83713186032699483,8.6845291968601153,0
-1.84019255392624,3.3927397843616411,0
-4.1111971115357981,0.78534735405616019,0
0.23996961362289326,8.8537005301731035,0
0.046273114752043654,4.1306417104022906,0
-0.54118621103836162,2.809932362677376,0
-1.8706445669419871,2.900123488547127,0
1.1436399245970144,3.9135040756481096,0
-5.5022767757661448,3.9886682149188921,0
-6.3405982231385813,0.80594314301184866,0
-7.6148344253785716,8.3774527426975176,0
1.2605446601621999,8.7491487380283282,0
2.1522744918577565,9.0995024558322832,0
-4.4673248504884349,8.7268313285129473,0
-2.4799870228059397,1.6175233241336748,0
-6.3475669597871409,4.1271259304302141,0
1.6028231406919851,4.0473114367740557,0
1.4503964210264577,6.3727198954837725,0
-6.2339240288026438,2.5213246461170122,0
1.0517915511839284,8.7031196471469805,0
-3.1623028101673718,8.5287497584219523,0
-7.331884700273573,13.442561918913896,0
-2.5330559792271252,9.3589190785284586,0
-5.3400929751148816,7.6716135088797159,0
-1.0614040674915906,12.831935221373612,0
-6.6096645178547497,6.9495041911001749,0
1.181439560438097,6.2640150133963175,0
-4.5743213476887341,9.3894479815359659,0
-1.6443602623692151,5.7678716723318644,0
-0.20061357638746458,6.2570462767477579,0
-2.9968844237080212,5.2951319758291788,0
-6.7921565356007214,11.410878712355668,0
0.43154684879869265,5.2762823645468302,0
-2.572315174554884,10.998282248198564,0
-3.5003162803402539,3.7955911700125284,0
-2.5229321303120251,8.5707448069449015,0
-3.2614026846638318,3.6501195971365519,0
-7.8481515230885144,6.4880512301321573,0
-5.1956322970142956,8.0712471548910685,0
-7.9204619707813855,6.2382050101156779,0
-3.8417516531696911,4.4858573023672648,0
-3.0481342854252453,9.6651677433844156,0
-6.0941978277912732,5.0419061724539347,0
-3.0032615246525403,9.5128242318029947,0
-3.210890728448927,12.335504109084184,0
-7.2375181498280163,12.592138582884843,0
-6.4492972674122448,5.5996983591909952,0
-1.2254635872593518,11.291184717833573,0
-3.4726582350483532,10.358625466048295,0
0.39844529011338992,7.1980317179556437,0
-8.1483152689686413,9.5806412045355387,0
1.7647530255565052,11.503755861937577,0
-2.7973113836994763,5.3793407027121134,0
-7.7922838511219616,3.7520335261221476,0
-3.251266020750105,8.9746085945959635,0
-3.4094132365933056,4.9713557307119913,0
-4.3456016363850232,10.339159781157548,0
1.7069932637462024,10.702616507231767,0
-7.954842406724989,13.415309721648271,0
-3.105602699731886,10.360805207907731,0
0.78054396488755984,12.766783053099687,0
-6.7950466456165906,3.7228200976248331,0
-5.1437567057362195,3.5808055941458292,0
-2.3073975624790783,8.8433967177267618,0
-4.5059169115772839,8.5042874161596842,0
-4.9781440081349011,12.68271284741121,0
-3.4533558668842907,9.0137903038855143,0
0.37961260655015749,11.385047728240068,0
-5.8593512358418103,12.335341269194657,0
-5.039743620370924,13.438601786315019,0
-5.1349278314245801,9.8485254473030537,0
-2.5933266503943067,9.3929981417000263,0
-4.8260327203405957,6.8829592890083759,0
-4.3160029275549512,5.4953006929695576,0
-8.8697260244024854,14.047605437690017,0
-5.2286987526548963,7.2870418257057636,0
-7.873741708530293,8.0422460264503925,0
-6.3413341863287549,11.33197538321614,0
-9.7661810739172559,7.8063332266151875,0
-6.3796403033865552,7.8240527338325947,0
-1.1807199342383008,12.098546428138015,0
-5.2666177375448804,11.191335243636367,0
-7.9992543084753613,5.878299636298415,0
-3.8966413362158399,5.9592363066017597,0
-1.9769950730932813,8.5557021326363056,0
-4.5452817304266553,11.470473927909133,0
-1.7534757478369336,5.5341524309456318,0
-5.7160036785734754,9.8650204366981953,0
-2.8058114869726758,9.9296497530281513,0
-1.6114207131994824,9.8411583132088154,0
-1.4432564599646192,5.0051521486580342,0
-5.6243281586302381,5.7682098573982685,0
-5.8744286520613294,12.052502555304763,0
-9.2353096826208692,8.9106707996666401,0
-7.2248528821600537,8.8289874023735493,0
-0.39547928406129884,5.5580124086677998,0
-6.8642407281530957,7.6443268484413593,0
-1.6032441480291944,5.553503436499831,0
-4.9692215545309644,7.1195191568672627,0
-1.0522518975866895,14.098379058295485,0
-5.3164952023161511,5.114357871466872,0
-4.0603150947226148,14.19577400153279,0
-8.126049361957417,12.592246455603835,0
-4.2632891757620435,13.838348788672683,0
-1.5318210942877393,4.8789934343636006,0
-5.2427925689352612,5.0980776972115009,0
-1.8776441438330274,12.638568801337478,0
-4.156895480884419,6.186128062659499,0
-6.702453695072041,5.5636581606209248,0
-0.26876267029176759,8.2972087091743916,0
-8.1517587525976758,11.767221612387893,0
-8.9490540845526318,9.7273962921440571,0
-7.9333465917242627,11.986512584143874,0
-8.519728503955708,5.6056217378914326,0
-3.4457566363943677,12.400915069037673,0
-4.4539894683493237,12.997672957831618,0
-0.74661263061891603,13.426105899268386,0
-9.4848218782080274,11.408718747550246,0
-8.5193186624182324,7.4177445596992939,0
-8.7312913758886914,8.311088246756789,0
-5.4089035288214138,3.4896062190577481,0
-7.0911709562658718,1.6965620095774625,0
-2.7484854952215603,1.5258781487986539,0
-5.7858555213331631,6.3390520389124845,0
-1.0306982294439724,2.7266968662783597,0
-2.333706308972781,6.2879358108088468,0
-8.828675676953738,0.54713280749768956,0
-10.155675818097537,8.2522385890528653,0
-2.5473651186346462,5.5054205234095548,0
-8.7443725363134792,6.022163468126962,0
-1.876442600858157,7.2552650744959806,0
-8.6910557047247341,2.1242404754206632,0
-2.9448956743597439,-1.234048051114371,0
-2.7286633745550564,7.394224243883798,0
-5.0289835230230739,2.4172993476435636,0
-0.88765804923767355,7.6561382587000821,0
-6.1873330370306423,0.51357110095472081,0
-7.4844896093725612,0.011274176363656352,0
-6.605417300832217,7.0131247813746427,0
-1.8238629595159939,5.2789668614909147,0
-7.7878278986334255,7.2568593795344327,0
-7.5798227087377956,8.2820294673487638,0
-3.8242615953802517,1.7949279124781583,0
-4.9388100401281765,2.2926531608149503,0
-8.5957197443365505,3.5127209003016446,0
-5.68199174560303,8.2055872256800626,0
-8.3883690134405544,-0.55122534679918544,0
-9.9228557840704372,3.4368739898249601,0
-0.66818659461731222,8.3549006755396817,0
-5.3375090853094509,3.3664940173670743,0
-9.0365945593237331,8.1373828227564786,0
-7.4768537775396755,8.0379288966700528,0
-7.5197128549932888,3.2273836309954618,0
-4.0749229685186794,2.139402466540048,0
-4.5546277061819485,2.8683201844737027,0
-8.1723784700750759,-0.82556454586534755,0
-6.9988297716497829,2.9139225060984586,0
-2.4438812033056667,3.6078230912730191,0
-8.8895749346136501,3.6248443896815274,0
-6.360167433392947,3.2387675221011136,0
-4.792145063054507,1.9212941701456998,0
-5.8211355105757168,7.2448383147761319,0
-3.7935020223974636,6.0004404361292814,0
-3.7467719808935573,0.32226927829236729,0
-3.0509831205725124,6.9497857863947843,0
-8.9668168321966579,6.4758621032282804,0
-3.9186771408438137,7.2377966220423673,0
-5.9135307566046169,2.0048631007716153,0
-7.6406792894720486,-1.1342293446019198,0
-1.5211004511236599,5.548225479845712,0
-3.3814833680848402,1.509942685736096,0
-0.95451860825818002,0.97999302066651595,0
1.0996229131956774,1.553803359640515,0
0.10861534674365103,2.2293999544510008,0
-4.6875361720780653,6.40175548709718,0
-2.0280401031235975,5.6869403473266722,0
-5.4498849431733412,5.7530423752197386,0
-0.30410151879589975,1.5967574468979002,0
-6.5326705495576185,-0.056555832254016281,0
-6.6237412015656751,0.034355556143200516,0
-6.7198305646638197,5.1319524399170042,0
1.5268213232298571,3.644799863470471,0
-1.553723029301576,5.8361999145874144,0
-6.7576456586579603,-0.44585260234984148,0
1.4480735739012438,-3.2296341308227419,0
-7.4956939737061781,2.5194492689499022,0
-0.27860980431836069,4.6291097751983763,0
-5.846589616940431,1.4137682072052122,0
-1.9447366515855116,-2.5290339835754274,0
-5.7858825246552748,-2.3103030570617555,0
-2.9308746377686781,-1.5917743095031618,0
-5.0420685331086439,2.7048548809417845,0
-5.1856045047501844,-1.9689229377380251,0
-2.1704499046067518,4.0263296715149046,0
-6.386105112240724,4.950724517477429,0
-0.54581742684643686,-3.3235262282958864,0
-6.199006609127931,4.2257930389770628,0
-3.709077946350984,5.3770240894683958,0
0.8989235838194567,-1.4008105643859743,0
-2.6304344455460829,1.6215458265670897,0
-0.70531301896374643,5.3139473549255491,0
-1.3602612535218519,5.0844766250976683,0
1.4155232389708239,-0.77029022060545671,0
-4.5687282602052015,0.28974476970521224,0
1.365556903674193,3.0546381822952391,0
-1.7918859044770521,5.7554456344970824,0
0.65641135771472037,5.8676597229370238,0
-0.57139020364087045,0.63581106580582869,0
-3.0893782893876356,0.82819042123643172,0
-7.5878365556458753,6.2255846611389281,0
-3.0339656392792982,-1.8581701167693971,0
-3.0816344539384168,-1.2109316238036989,0
1.604687877490111,1.9130900255569578,0
1.2170283277769762,1.2396624437698485,0
-0.66799574296276987,4.2899991623291136,0
-0.84210019509594858,1.5582802645095946,0
-3.9262933651665968,-0.048055971490466476,0
-0.17058473031323373,5.546009694708264,0
-3.0640707532624525,2.7767851702102782,0
-4.337817541764192,-0.16151961170347917,0
-5.4089035288214138,1.1500038614957973,0
-6.2208016411184719,-0.032394934585745716,0
-2.5678357378363064,-2.1693079957277135,0
-2.2875513330816677,-0.35628395169084826,0
-2.9910184637426784,-3.1443768033296422,0
-2.6974941984533718,5.1894440165250941,0
-1.9869603411077907,-3.1673822888643102,0
-7.6577252642034939,-1.4066179284364537,0
-7.4559616342901638,-2.1125107297212438,0
-5.7424728766798427,-0.95883684246843615,0
-1.0058883921026638,4.9931027403562709,0
-2.3889488474249294,5.3941769114225551,0
-8.7946120993017605,3.3513047209470912,0
-1.3115891710638454,5.5950636378019496,0
-2.4836184278845241,5.9961952677457973,0
-7.8320752874731472,-1.1966321954042272,0
-3.5483433500646999,-2.0886688718110875,0
-1.9214376703619411,-0.85845332234209337,0
-6.6640187994360378,0.33404607684308729,0
-7.0482678905844143,3.8104869833677455,0
-1.8669742838262966,-1.3026330956727819,0
-9.7575210825323513,-2.9365745076448277,0
-6.6455797449469021,4.2785896769254848,0
-2.2142156854986599,1.6484554520338222,0
-8.2835621134161403,4.0080835333555385,0
-7.78402130759949,-2.0938766488344029,0
-7.28170197166199,4.8800243845670863,0
-6.4302174345373562,4.6455397120206996,0
-6.6883976951956203,4.990610074111764,0
-2.780882765424197,-2.2394512185365514,0
-6.2883235708593777,5.0908917895048305,0
-9.071933676373904,-1.4838705548555211,0
-4.2290206447958401,-2.6336403378755406,0
-1.3067964807867458,1.0020359268873378,0
-1.4006194368719509,2.7399613371580287,0
-2.614510227811282,5.0914902201383754,0
-5.9171010748266628,-1.10300617306536,0
-0.69644873298401144,-1.0775256642610387,0
-6.7678992048620632,2.5553711167066737,0
-2.9438075319647243,-1.8945763596803502,0
-8.9166538015722683,5.8237113466947719,0
-3.8462914720892361,-2.6000617036134557,0
-8.7156278387426784,1.27497393996412,0
-3.9894361988424709,-3.3431621083528356,0
-5.9397448793768337,5.4488648882597133,0
-5.6933044091581753,-1.7588892468721227,0
-9.9179758325933864,2.3367561808317348,0
-9.083924700391238,-2.0192773827821568,0
-8.9682585493444851,-3.7309189328462438,0
-4.975352455747073,5.6957644930570765,0
-7.7650945264341917,3.8495450432980469,0
-5.5112247544767943,6.0889141972744874,0
-11.270700224066028,4.9269186671460083,0
-9.3281083184721556,2.9629080708706788,0
-12.71066213431383,6.5320151265347413,0
-9.0088664371016112,2.023831170388501,0
-7.8270258385183897,0.60896210033540044,0
-11.216077573919543,3.9940481599057129,0
-11.454317815923938,-0.98036380451079097,0
-3.381411798620471,5.1578789170468262,0
-11.26655460181261,3.4014721925938538,0
-3.6527936536314574,0.30292515117768559,0
-5.0558357316496458,2.1249869282925538,0
-7.4817936498167601,0.55649093944672856,0
-7.619076855802783,5.5148553069317749,0
-8.9565756398680296,4.5511930402005127,0
-5.3278634625914183,2.0509498532498291,0
-6.5169875699522581,6.1437807496273926,0
-8.167463429594287,1.4610648568356446,0
-6.1648713428022948,4.7922729666912964,0
-7.6133387166502562,6.3375573571408204,0
-11.418013342046985,3.2631155069554261,0
-12.324430235052356,6.7595873292172364,0
-12.14664436163927,3.0588468130314759,0
-4.3007752973082152,6.5548556264126709,0
-3.2526753026487913,5.4591607268536499,0
-5.3888421136381712,3.2549547370160035,0
-10.898545034551868,4.9362581189358643,0
-7.3005746680739012,7.8668890412533692,0
-3.7941913682463255,7.3933291848385743,0
-8.1517352539541807,5.4530762847149781,0
-9.3922927457335081,4.621615331956189,0
-3.5967466908934203,3.6185281689846924,0
-9.9547541219236937,4.8409854586804322,0
-4.0888130742552367,4.8912518437588624,0
-3.7274191457274046,-0.85014768283720699,0
-6.977207549238452,6.0015807564938477,0
-9.8174028474333372,4.3801634724820069,0
-7.3827879506590453,3.0600496347630433,0
-8.0183844644072142,0.1511619504177979,0
-7.3461453992369261,5.8728890832150391,0
-9.9155454713347044,8.8251748498166016,0
-8.7658484059813109,8.7510323937619141,0
-4.4705121594908324,7.717634242364209,0
-8.0099882561209288,8.144903701134961,0
-4.5720570165159788,5.4096048291409424,0
-6.7925309020521727,7.359456342049878,0
-3.9749305325987425,3.5384052212918213,0
-10.981915958547839,2.0737746175015381,0
-12.469245679998645,-0.97286267917509761,0
-7.8746848053929277,0.79006503725549493,0
-6.0144107289311357,0.32864819670221124,0
-9.7644768900868364,-2.498201383108885,0
-7.9788933939930864,-2.2716877589176008,0
-11.492977852344222,-3.8365228304813215,0
-6.6113786644932695,1.1714054217388323,0
-12.324675554752059,-3.0691342482517072,0
-4.8175153679844804,-2.4516101012180158,0
-5.4485146946904131,0.35515080595514092,0
-5.7858829445836015,-2.6339950690219709,0
-12.733599180698104,-1.6343100199649641,0
-11.618188137530989,3.7199046483089617,0
-9.4166579194065996,-2.4701016077945539,0
-12.100015158176131,-3.3483102450321027,0
-9.6722454972264238,5.3578603138973406,0
-11.424228186130232,2.6469583382656268,0
-6.1216537899968095,-2.9499848017642805,0
-9.7287236399647661,0.60648749971887383,0
-6.2080835051533647,4.0819632878353289,0
-3.4331631608006425,5.4453718533565691,0
-11.029898876666731,5.3130414357235125,0
-2.8978900856968828,4.837106930260866,0
-10.236015314578719,-0.048319293017179632,0
-11.644540304660506,3.3125760426571063,0
-12.734349722385115,-3.2731716761539289,0
-6.4786224312779375,2.5057716240932635,0
-5.1868228859898515,5.6041724553157977,0
-9.1313837714192339,4.2809369435360125,0
-4.8896710820195146,-4.0097162852237531,0
-11.379780048846907,4.051335560326784,0
-7.8784366197583147,5.411776291375368,0
-7.8722314782139726,2.2397906651546649,0
-6.437889809131331,1.305521236901491,0
-3.9982502408024736,-2.350627912039549,0
-8.6712105817791887,1.0888559689571551,0
-10.222326750278182,1.4992726912548235,0
-9.8476400322911211,2.3584611287166766,0
-5.7177424378392168,-2.475449574942381,0
-2.9622373528477617,-1.9660301337192365,0
-10.371837133884139,-3.4858710894534894,0
-10.668536180972762,0.72007756138345513,0
-8.6452101416584917,4.8701989522030047,0
-6.4375917859074541,0.70800046825906549,0
-8.7851424760815569,3.0903484692623309,0
-7.6060758776661821,1.9168521037151507,0
-8.0803160614964433,4.9806110730220965,0
-11.200559134006209,2.5974411835720232,0
-8.1114538259503313,-0.75436819886663642,0
-5.6275014824864336,2.2998292317440203,0
-4.8476252503392168,2.1569878926326922,0
-9.5185389897739352,5.0493411240990511,0
-5.6479146859561862,1.9035355267937533,0
-13.676030673733896,2.4109946904595247,0
-11.294132151356882,9.2313613114769808,0
-6.165968932858652,1.6934932885582796,0
-14.115466632596201,1.3926426587517611,0
-7.3972554585849704,1.7275983510430208,0
-4.7609591863071383,3.2688246188576571,0
-12.956630506268686,8.1833163915093294,0
-6.1460419080173434,6.370428007643973,0
-9.3386229655658664,2.8256694493706576,0
-6.3418701074039401,0.51108877043083822,0
-14.366787471524424,0.58053247312859213,0
-9.8626580617343844,1.6666022954399935,0
-10.698604860058969,8.2421724019463412,0
-10.750775375119394,5.668678682845389,0
-14.254867591611093,2.8136967835839144,0
-5.9443397900974215,5.3689477858956209,0
-9.14149967645759,2.1181687531884066,0
-11.633674659482187,1.2427696404869906,0
-13.84992412542457,3.4816853223259798,0
-12.518876590481943,7.4721864877159945,0
-7.1795168301975192,8.7690328774865023,0
-5.5852527997409762,9.5810918031151644,0
-9.348759927502817,7.3375128922875277,0
-12.104040183774179,4.4618875799591891,0
-4.529832401028818,5.2002672372277132,0
-14.028801955929941,5.2638254580910555,0
-9.2684110782062472,1.6010712800438753,0
-7.3556862256442965,5.9766087947304598,0
-12.447073020688242,7.9912971673424593,0
-14.265001811734384,5.2365324912484041,0
-5.5522818944370211,3.1778119025643221,0
-5.4465833089267672,4.4294757662232271,0
-12.747651376477426,3.2031110940392367,0
-7.2082331559574069,0.12458507398918783,0
-8.8393911502277316,9.2165908036644808,0
-11.584887065640634,8.4893473802025667,0
-6.0414710423862399,2.8194932160790316,0
-5.5829074761783541,7.0662788567955843,0
-5.1354523084079684,9.7909135041649691,0
-13.969636478177256,6.4231423554833285,0
-8.8593175790225924,9.1149267373497835,0
-8.167075791112131,9.2830805001671663,0
-7.4838385960971774,9.0032300172264925,0
-7.7607616565143527,8.4260455785210482,0
-10.784787811986154,6.0583935199196688,0
-14.050094165555185,9.6804951844628206,0
-7.3606143376743258,5.5311904368813387,0
-4.6369943997775973,2.4603850064690462,0
-1.18967778891016,9.2486274069025498,0
2.9167842128903771,11.784495574779747,0
3.7014507511289025,12.648489457912682,0
1.2596499183804895,12.865132552929161,0
2.2064213016660119,14.050034267254112,0
-1.788163854774723,14.076147777385948,0
-1.8839094778864478,13.967035514660118,0
-2.0551670333712195,4.4789497678949814,0
1.1351727703244592,9.8367935245707017,0
0.96575300485204707,10.069674236126183,0
-1.1451966306536292,10.432533008404015,0
-1.835163309273014,11.365978700466393,0
0.8440999248654748,9.8630058592035752,0
-2.3645747444002723,12.195951206035851,0
-1.2234375616877173,13.928579551525353,0
3.6865329006345178,12.440763694591759,0
-4.8200453063814734,4.7663180654718857,0
0.25599531919073115,14.132522327251671,0
2.472612307372799,6.9141638105585557,0
3.5792602756650354,9.0892493551447373,0
-2.5133914491503333,5.3541047399713975,0
-2.7699298402636146,7.6323902433588486,0
1.5370010593564416,4.3808853452875596,0
-0.43526358812738408,13.189830047435997,0
-2.9285050174563025,10.459586960621117,0
-2.7922247192232703,8.4119626706316453,0
-3.2589040538637732,8.5431223934366685,0
-4.4473109981386756,6.1154501264765244,0
1.3062464454800988,7.1257846182062607,0
-5.4528804561464881,10.97696779424691,0
-4.8087976714937781,7.7323939626886826,0
-1.795916630920658,11.309200031109093,0
2.4143618801267053,11.537978631801842,0
-0.39771981447626104,5.2882559126093369,0
-0.22356815546442022,7.9869224851801377,0
-3.1103873988955115,13.88461373502755,0
3.7948822239072229,11.10128579790139,0
3.7224334934384729,12.343924028225182,0
1.7379342773587609,9.1200887983515244,0
-5.3454099437563514,10.219928008861778,0
0.69573454648565303,6.0549242323114854,0
1.597915098968258,7.1546866720392686,0
-5.6221938869326209,7.6388144319727402,0
-2.9679811736910438,12.52553866560006,0
-1.3298434755175208,13.456522208996056,0
-3.2386909267275428,4.2733652418329697,0
1.2149719455869104,13.318463546581505,0
3.0769137600095178,10.292216522045372,0
-4.1500788471071814,4.8005392378046494,0
3.0119928577573205,5.8109543150141221,0
-3.8198444839197734,10.44842348770355,0
-5.0614686008173564,9.1366915531561261,0
-2.3416194911676982,8.4520872660086042,0
-7.7353408332544902,7.3037365503713971,0
-7.0276474948603251,8.6149232216284162,0
1.0481250290196797,13.880039317171324,0
0.36707663577016802,8.259410721819151,0
-2.1853307481485942,10.688692194978941,0
-5.297249912806187,9.7906117268011457,0
-3.2389936443049052,11.635415417711485,0
-1.7923228736597636,13.848805291216124,0
-1.5123217101770976,10.519302351038206,0
-6.400590657778416,8.6514829225942975,0
0.61776423495229693,10.429363710443724,0
-0.27388501126352338,8.6338175363943463,0
-7.614028453417454,13.670981509248961,0
-5.1809668536860087,12.733422858278502,0
-0.55022740323129682,8.2418786116049176,0
-5.5855373140055278,12.867202622453917,0
-1.6873242850977519,5.8780737944052106,0
-3.55450963933054,9.6256806083128339,0
-6.0203545089441874,7.1980720587179547,0
-5.9931311603266337,5.910113436739195,0
-4.5766726728159526,8.1585587091848737,0
-8.3944909568506816,15.221634013216246,0
-4.1355285640436747,9.6728684134886151,0
0.41324925463613482,13.26175676063751,0
-4.7273177500444987,11.007004839937437,0
-6.1674344535547831,6.9529951639578229,0
-0.11381840664926557,7.4729927606985456,0
-0.43004918057504682,9.2116074390814191,0
-6.5976343150812724,7.2615946360037213,0
-6.4826459880549052,13.903397185365904,0
1.0402066711705587,15.324222666780699,0
-4.7688976522165873,9.9684892721578962,0
0.4650805000584981,14.724132163088072,0
0.047400713376369197,6.8321963377401715,0
-8.4495871062952617,8.6310123033926374,0
-6.6441853042322734,10.116175872843016,0
-7.0139069553095439,8.5495937891409284,0
-0.18354272801462201,15.353280169527281,0
-6.7760152812677958,6.6631280012533551,0
-6.8698449130732158,13.378908497850645,0
-1.7008564468103984,14.708026511232603,0
-2.6624706979471782,14.628472430269468,0
-6.4167089458185771,14.747769457857359,0
-4.3158245678621867,5.4929600782797223,0
0.61513018649038287,7.7353025503561383,0
0.5970070366185567,14.480528933565367,0
-8.0658195014673808,8.5715683527395612,0
-10.778827197799375,-0.22976163142535455,1
-12.076918609389951,2.8784660983720087,1
-12.148137815246274,2.6484024215379023,1
-12.907463081130674,0.80632385498669379,1
-10.637570150146177,1.0937428165116572,1
-9.05883920932739,4.3054337192216181,1
-8.6187596395108006,-0.54412278645846612,1
-9.1443969085308812,-2.1572238516173101,1
-13.427066571960141,3.9021506000199579,1
-8.4217305257412693,3.294465987745788,1
-8.636951453933408,4.6514868426957392,1
-10.330673582801511,-3.8989663433394171,1
-10.603038795242002,4.5089463878312372,1
-10.999293453941037,1.9553036380448603,1
-12.744671590575864,-5.2266426395735479,1
-13.311823375472715,-1.4354851555189825,1
-5.8627896382900975,-5.0151214908919073,1
-10.129137165794065,0.6738865066209101,1
-9.820635445365598,0.96574541813519232,1
-13.470860488662412,-0.086150796349976133,1
-10.721885092506101,-1.4448255609831548,1
-14.447240121612241,-4.204381496842835,1
-7.3158354833218358,-1.0752392124495245,1
-9.7303820922467015,1.0152768779435419,1
-12.714339263686826,3.6410319495835566,1
-8.5534699037167332,-5.0098839115462042,1
-10.046379692802121,2.9231900859513544,1
-12.154351957091977,0.54631110912945502,1
-8.2364955022427342,0.20948585755017035,1
-6.4943714215847752,-0.11346045249316461,1
-12.013744600066831,-2.388930590089295,1
-7.2281391694638035,-1.0521531414351202,1
-14.266515739211728,0.60435053593304389,1
-10.375269181976011,3.3780007053056025,1
-9.6641768291088841,4.0152048755326533,1
-14.141904599914243,-1.4447722744307256,1
-6.5448098256680272,-3.2614894222578741,1
-14.23429394508331,3.0212707210221552,1
-7.3782410695645115,-2.4731960605940557,1
-8.5436112954708836,2.9132671046891474,1
-7.8808255269619725,2.9612488437333369,1
-11.193196304092099,-1.5369942497572637,1
-10.259145624885251,-3.6339893650374151,1
-9.932368524322202,2.9025673556962275,1
-15.773900993117978,-2.3523569416365362,1
-6.0037236287686131,-1.7043316673598028,1
-11.873625285873105,-1.2252685736975408,1
-14.535636193999936,-2.7916229080519415,1
-14.063762672195127,-3.2198610615095831,1
-7.782607085952451,1.567080586020019,1
-9.1897681528977344,-2.0894455566669059,1
-10.874005871479888,-5.9412204876208854,1
-13.118533688252349,-6.3434738769794059,1
-11.982080298130889,0.24186662289852379,1
-11.076576071446318,-3.1489596023822379,1
-12.554616051381011,1.5645842895245004,1
-6.6591270739487598,1.0049314841961312,1
-9.3782213503769825,-1.844478811290319,1
-7.2932949835709522,-1.8044048204684806,1
-6.4253583723954151,-1.0415088787341666,1
-9.3377626115731189,-6.000656093623693,1
-9.7202670747689197,1.5234918937420297,1
-10.515456515019316,-6.168441738154943,1
-9.2840340907029102,-6.0538241520190788,1
-13.49737055844583,-7.0153050079608512,1
-6.3295253092698047,-6.6616963997150016,1
-11.598306256001372,-0.16194578554874184,1
-7.8515723521164844,-1.8354028120303703,1
-5.777312832539458,2.831464324924891,1
-10.394066291516204,-1.1673676624560905,1
-5.5568750674179981,-4.2940604343677116,1
-6.083392220204253,-1.1919891491199088,1
-10.758844929402251,-6.8942298546100211,1
-5.4343207652024219,-2.6839127793574882,1
-6.2230523402146289,0.38827184293026207,1
-6.2962117964676807,-3.0405315413737846,1
-12.105160790150542,-5.2278506412768913,1
-7.4948272282532642,-1.3568997040057731,1
-8.4908506447724292,-3.7361395015979362,1
-10.566434221928496,1.8880141124462533,1
-6.85167701787271,-6.133430923488195,1
-8.9878896052292774,-4.5913638725543571,1
-7.6257285649231861,2.5055313453411507,1
-12.238431769078154,-2.3600652470851493,1
-12.948773937886138,1.7638886317943978,1
-13.572801428501983,2.3962159499859261,1
-8.6568293148926685,1.6256583080028939,1
-9.2921498591355274,-0.2476942196155143,1
-10.679823713963408,-6.6735820427203727,1
-12.482296543782134,-1.9454776897693229,1
-4.2136963183335254,1.7045517310833382,1
-5.1831510836533496,-6.5833978309894157,1
-11.254544811909575,-1.1810600414538932,1
-7.4579641396454761,-0.41611012366061928,1
-5.7891753489426563,1.0068326339458871,1
-9.4605300003937671,-2.6573115244174552,1
-9.4613421136788318,-6.1407613411212516,1
-7.2406032854966114,0.4719412669872689,1
-13.230877237980742,0.22769454571956871,1
-8.437186198895354,2.5054917678570199,1
-11.052802895196209,-2.3893945768671578,1
-12.361394022591838,-6.6842892721491403,1
-8.2126015173275562,1.3169338151616508,1
-8.8633085237820239,-6.4819295957880563,1
-7.3350418554623218,1.9678122445744926,1
-8.4066217886288257,1.4501335069341117,1
-9.9068970428783985,-0.039244945366913697,1
-14.338532541878948,-3.4164383962946481,1
-10.279520844109783,-4.8388236120539254,1
-14.084308003075847,-1.1110841587381906,1
-11.395214890130291,-4.5782878950434274,1
-10.347566698678264,-1.7466925934153146,1
-10.50034413207365,-0.25351506026559534,1
-15.370252464898357,-1.1312639072733468,1
-6.1871479498226734,-4.5588152960138864,1
-12.102245186455974,-5.9208267286615914,1
-15.852171276696453,-1.7005776718454904,1
-15.470546578057537,-3.6645292595224923,1
-6.1582144247372241,2.4206153794927054,1
-11.629000698216686,-4.2782702997522897,1
-8.0379780279476734,-5.5830112055140084,1
-14.188983296044597,-4.6045249059992379,1
-13.289624546654949,-4.1415539339380807,1
-12.910977696069011,-6.187739427407319,1
-6.1241186605770679,-3.3661808923082894,1
-13.571013783105144,-2.6950427249270028,1
-10.982934926636943,-6.8587935522394723,1
-12.87146959174467,2.5580827638310843,1
-12.64636144507719,-0.39902501853280725,1
-14.70785031188322,2.5109893724126273,1
-15.271647308953533,2.1169349595708304,1
-15.10905823577238,-1.7388063028650826,1
-7.7889116751034351,-0.080488260109955689,1
-10.575860236771831,0.18635338989919958,1
-7.8150647627194019,-0.055424983819062135,1
-10.573727582581768,-0.58965855391793909,1
-11.697259937413463,-0.23812227996164026,1
-15.459166382439861,-4.2347573593454904,1
-12.910597656853923,-5.0168662622767037,1
-14.062707518227825,-3.0306687310534066,1
-7.5889032827694507,-3.1024959042864388,1
-13.521351908334026,-1.2592213705378121,1
-9.3864167677242847,0.026781026999419311,1
-11.969948207028637,-4.57323985846811,1
-11.342454944737682,1.6714817926091605,1
-13.188423250802288,-6.9959452703791207,1
-10.871730540879497,-0.04182558806710901,1
-9.4995112167675586,0.17871016709036169,1
-14.169262503274211,-3.1709479645090646,1
-9.3320811735470386,-2.4144154146509713,1
-11.271983453113677,-2.6293537930273558,1
-13.459650822956206,0.49796077453856213,1
-7.2764342511483449,-0.8723525122427489,1
-14.964045115787627,-1.8502084330343749,1
-8.9004910672494191,-5.5318076924109008,1
-6.7750018323251027,-7.5502593830847289,1
-13.890897342044951,-4.844101698758557,1
-11.786546775180938,-4.5797300652288939,1
-11.335348256904723,-2.0885411814474608,1
-14.09974414952481,0.64974281036619885,1
-11.799764105159881,1.1521465464807008,1
-15.807851620990874,-3.7381450251364257,1
-7.9960656846352833,-2.9261765793585326,1
-9.8244631970711964,-4.4427347496771361,1
-12.52986676343167,-2.9506240204596068,1
-12.200447985012175,0.81931254112486585,1
-6.467744656879546,-3.6796895579123046,1
-10.699178644497039,-5.9886720494055297,1
-6.5972750867196339,-7.5615895108007933,1
-12.901582189876677,-5.6365151718878295,1
-7.1152470792123097,2.1343371554589723,1
-13.115831919986846,-7.4740298107885863,1
-14.52071411259854,-5.6398132160925414,1
-10.076086589176299,-5.7363694027685668,1
-16.055685349781157,-5.5252154186987426,1
-6.5541780675240773,-6.0266678646826293,1
-10.491672226268889,-4.9965408161901976,1
-8.3538454259225148,-2.7908746317648436,1
-14.645642825443389,-3.7261191920065428,1
-14.497430392582061,-6.1986940220617797,1
-13.458042451221587,0.48984262192015393,1
-14.945206471759917,-5.8134615734838988,1
-6.6907661641427296,0.12157818519835217,1
-15.027438947040679,-0.1494751290106322,1
-10.577979155857207,-5.5059309319281127,1
-14.55178100712979,-1.6573367432379271,1
-12.577742644626738,-1.0164610461020018,1
-15.093757935840728,-7.130727560880139,1
-11.912534900982024,0.66483041488890393,1
-12.937468358356597,-7.568828375699475,1
-8.2485688412972706,-2.4515155867361571,1
-8.6886192048379201,1.8386790438867067,1
-12.442966767627837,-6.7886603192114379,1
-11.206301518756987,0.074200360415026978,1
-14.357986995060088,2.3330709620690797,1
-12.062360414344909,-6.6757896260046508,1
-16.100948640186431,1.4568712397790407,1
-9.8166585648843068,-2.6231441811346556,1
-11.738230952102782,-2.580467255475476,1
-12.568324633915069,-1.0584006623053099,1
-9.7377195476914036,-5.8688032111900572,1
-12.033410561027585,-6.842636712529016,1
-7.6209969639206516,-2.967494197823358,1
-11.993393194618284,-9.7660910568016295,1
-4.8953399776840794,-2.0020532092827086,1
-7.3955078243637669,-9.3303634605186705,1
-7.8529008745575535,-6.165592022873712,1
-14.341380608024656,-9.0916592559593443,1
-7.4101324200058567,-5.3242396793144469,1
-10.55936242336279,-4.1120814761894469,1
-12.249128115119992,-10.463981815316034,1
-11.446336162033139,-1.173525520302606,1
-11.734975230636655,-5.3196048221367125,1
-13.504797470512449,-9.7213248691337828,1
-12.749115717353879,-7.0070669135826353,1
-14.70761967891699,-3.8898765525596861,1
-6.3898692249680149,-4.3380730829017882,1
-11.140333902778684,-2.0640127143638853,1
-11.908202660026609,-6.5442287406700377,1
-14.107316982688962,-10.844239421822381,1
-9.5820948004150974,-10.104168125130487,1
-6.8677439808273899,-1.0350849113243346,1
-5.7028522610092747,-5.8901112756508116,1
-13.949265491905271,-6.5284859618919615,1
-8.0545415996933567,-10.68931407544787,1
-7.0212307094956028,-4.9614422998207335,1
-8.6926969408417332,-10.793837257363153,1
-8.2052871107483494,-2.4376303634422545,1
-7.5431325554276096,-3.1811177215355162,1
-14.317944061698972,-6.179148205258203,1
-8.4997769712830173,-6.0749294838684325,1
-10.502106499614774,-5.0729095420616392,1
-10.368118238391935,-8.6822926482933287,1
-5.2609715580368626,-8.9168133220451598,1
-7.0799841999436008,-6.8548273525017027,1
-8.4744157909775364,-9.614962287880731,1
-8.3269258856201755,-5.6961959085243468,1
-6.7631025432968723,-10.84092540357287,1
-5.1138458370590794,-4.8188524923103575,1
-10.672651183548032,-9.1043176135795836,1
-7.4310178875351536,-6.5810018262642149,1
-11.595822584571897,-3.7069141349571471,1
-11.810387384834348,-8.8838908157127623,1
-4.8428950428391087,-6.5091201147812132,1
-13.458104622306882,-3.0316764793174986,1
-12.413327944221555,-7.1635597429054503,1
-6.460982334556638,-2.1521646461265806,1
-12.588907492103635,-7.8923441848533873,1
-8.6389979242706882,-7.3773381194847349,1
-10.102629911842405,-8.4286674937980894,1
-13.792559869164556,-4.189088698068657,1
-8.8815891812983452,-1.5462478357944871,1
-12.898164160126775,-1.676266546884575,1
-14.912653334015936,-6.1210597712192918,1
-17.393747575158208,-1.5744224745426561,1
-17.020960576409429,-3.3027920681629563,1
-8.8581907819453178,-2.1777089792881394,1
-12.738268144005865,-6.2276185709629441,1
-16.221550471657842,-1.9670199114475633,1
-11.403666503304571,-4.1532841879520799,1
-14.638550944203466,-0.40577637735942851,1
-15.14162159668836,-1.5600541788731004,1
-15.736623771065801,-7.6215654570255662,1
-14.738854832524389,-8.9675348955784226,1
-16.650850541466802,0.31017888005634298,1
-18.36722064721021,-7.882699127832451,1
-15.085176594132513,-4.461220856348076,1
-9.0957090924921928,-3.2063869196567918,1
-11.391891009682745,0.22342598851581563,1
-13.404851324433416,-2.8868803936634446,1
-11.427572018975347,-4.3318784791622544,1
-9.1373035978022514,-1.1744860369358445,1
-16.942674405449957,-6.967061634698906,1
-14.208734102124303,-7.0624023634586717,1
-18.130396134728521,-7.6678897101078416,1
-9.6283571790400444,-6.3943282324467088,1
-13.433812029236883,-2.1521142679844285,1
-12.205097443932623,-2.3637781101856614,1
-18.291486508721441,-2.4401704031620408,1
-13.430489070290655,-7.084232683816948,1
-15.320691830987066,-8.461145754495659,1
-14.660250313157171,-7.4716771799717332,1
-13.995671040886968,-8.1849673945103074,1
-17.39773298012647,0.081739549001655476,1
-14.771144158715337,-5.7384607750568772,1
-17.64310503708753,-6.782218809762993,1
-12.783406741494268,-8.5529345232639695,1
-8.8217871259394585,-3.4271410662327195,1
-13.60635376679334,0.43763173039813985,1
-10.177128560418218,-8.2440303522739793,1
-13.436346418732732,-6.3640943724308396,1
-14.693742759102911,0.59107411321063985,1
-13.037643797272772,-8.805722113290825,1
-18.369639165276617,-8.7641648012791062,1
-11.626158006066412,-2.8586528259907151,1
-14.674961335534185,-6.3031886774692918,1
-18.264436967248052,-7.862259503046074,1
-16.285608537072271,-0.27723776880840312,1
-15.238482124680608,-6.703831072488823,1
-13.447048432702154,-7.198469277063408,1
-13.792559869164556,-4.189088698068657,1
-11.869435675019354,-7.7157376963291551,1
-9.7842180799189506,-3.5744736153278733,1
-13.683044679040044,-6.242536659875908,1
-12.313064701432317,-8.2483962732944871,1
-16.224033839577764,-7.9358550268803025,1
-13.510571486825079,-0.84620272699932109,1
-10.203766114586919,-8.9123839098606492,1
-16.70586515175733,-4.8875421840343858,1
-11.494639880532354,-3.4386835056934739,1
-9.4093945096674858,-2.397091742197075,1
-11.412719972008794,-8.7875765520725633,1
-15.406362182969183,-0.90168273035625468,1
-11.16164375054273,-7.8085905272159959,1
-13.976238138550848,-7.5353060919437791,1
-13.405568368310064,-6.4565914827976609,1
-18.655039079064458,-4.9760070997867967,1
-16.863108641976446,-6.6795150000248338,1
-10.542609460229009,-7.9567340571079637,1
-14.94270802246961,-2.2615495878849412,1
-16.876150138253301,-5.538760181108513,1
-10.43277526604566,-2.9020265299473191,1
-15.771412021988958,-5.5935308891926194,1
-9.2636029790583549,-1.9412938315067674,1
-11.903661258095831,-0.42135631624797831,1
-17.035129554146856,-5.7760220724735643,1
-13.503210313195318,-1.8221644121799852,1
-14.656510121697515,-3.3041343647632981,1
-11.187571055764288,-3.1294170576725389,1
-16.141899354333013,0.11474526341815938,1
-10.898525483483404,-3.4014103371296311,1
-18.142554051751226,-2.7484766203556443,1
-11.004696137780279,-3.9499798971805955,1
-14.764169819230169,-2.5086609083805467,1
-13.844737775200933,-2.1537231165562059,1
-16.387591369027227,-3.6824384886417771,1
-13.824967510575384,-0.37059700075725566,1
-16.07622361885938,-2.9319021660480882,1
-13.452493317002386,-8.7463387209568406,1
-9.7185223172846733,-4.3502951223049546,1
-10.73791909920606,-7.2867904860172654,1
-10.488074071282476,-6.3637593943272019,1
-10.542964227074712,-7.2795475680027391,1
-11.174194581383794,-5.9002150255833055,1
-15.897412307137579,0.72848236974140157,1
-11.700524575585455,-2.9623458344135667,1
-14.467695720070928,0.32003701146503438,1
-11.245791680687994,-8.244747992197075,1
-12.202328212136358,-7.5838235575352098,1
-18.613467938775152,-4.4282168704662705,1
-13.792559869164556,-4.189088698068657,1
-12.057941920632452,0.61793816502948751,1
-16.16495300042066,-0.88786398951152812,1
-15.756881601685613,0.46836960729022969,1
-14.226604766720861,-5.8857235867176438,1
-15.509258277291387,-0.5841811854038621,1
-17.087386376732915,-4.1415080982838059,1
-14.342210061425298,-8.4504612642918016,1
-14.860192544335455,-8.6651266771946336,1
-10.630533463830084,-7.8047829825077439,1
-9.6447918485346733,-0.50740468088726054,1
-10.289643771523565,-8.6610215860996629,1
-10.463175542229742,-6.2832690436039353,1
-9.1836040090266167,-7.5732146460209275,1
-14.332948989743322,-6.5006805617008592,1
-11.858703858727544,0.61524212773700704,1
-9.6276090215388237,-7.6355074602756883,1
-11.813466317528814,-3.6697128969822312,1
-17.936364896172613,-7.3413635450992967,1
-13.269787199372381,0.26038325246234884,1
-16.698857076043218,-2.8872624594364549,1
-16.883201606148809,-2.5213024574909593,1
-13.866724438542455,-0.43371760431865702,1
-15.443722970360845,-6.3693388659153367,1
-13.786148197526067,-5.5182665545139695,1
-9.2146184514704643,-2.0545324045811082,1
-14.887612826699346,-5.5182830053959275,1
-9.2166702817622124,-2.2063538986835862,1
-11.451654202813238,-4.6995285708103562,1
-10.813292033547491,-5.6140829283390428,1
-12.781269318932623,-7.5091208178196336,1
-13.936757809990972,-3.1895831782017137,1
-10.061187512749761,-5.143482442537346,1
-11.958272821778387,-1.4493027884159471,1
-14.176124102944463,-7.9909237581882859,1
-11.688932664269537,0.56632912572284688,1
-11.810906894082159,-7.9212766844425584,1
-18.460395581597417,-6.7667437750492478,1
-17.502472646111578,-3.3133134800587083,1
-13.156096107834905,-3.0023071724567796,1
-18.554791695946783,-7.5349591929111863,1
-12.647600538605779,-2.560627217927971,1
-16.496439702385992,-0.63095080439189921,1
-13.280830747956365,-4.9821854192409898,1
-12.139019734734625,-4.0641210037861253,1
-12.956688768738836,-2.6917580324802781,1
-9.693147427910894,-3.5709778029117967,1
-14.466058082455724,-4.2260340410862351,1
-9.8182337354365288,-0.72584783617595683,1
-10.363800771111578,-3.8097146708164598,1
-13.792559869164556,-4.189088698068657,1
-9.017551667565435,-8.5050224024448777,1
-14.661989576691717,-6.4134033877048875,1
-15.292189843529791,-6.9454945284519578,1
-16.910560376519292,-1.743588324228325,1
-18.013248212212652,-8.8208831507358934,1
-18.732928998345464,-3.2276002127323533,1
-13.324596650475591,-8.3653520304356004,1
-11.864513523453802,-5.5363956648502732,1
-10.33312059151563,-3.0054060179386521,1
-16.289593703621954,-9.1164115626011277,1
-17.095633513802618,-6.8775080401096726,1
-11.843169100159734,-2.7659383970890428,1
-18.01352191674146,-7.1969007212314988,1
-9.7975132535639702,-7.8206042009983445,1
-18.521419770592779,-1.0270932871494676,1
-11.944248444909185,-1.6825131136570359,1
-13.570616013878912,-2.0195730883274461,1
-15.834415204400152,-5.5596560198460008,1
-12.916911013001531,-7.7706569391880418,1
-17.109386689538091,0.11434948857685079,1
-11.524833924645513,-3.3961096960697557,1
-9.7434341977778374,-2.6745728212986375,1
-9.0053174565974174,-3.2152388054523851,1
-8.9384682248774467,-5.8876374918613816,1
-15.163938767785162,-3.9329192597065354,1
-12.720520264977544,0.48338377889057149,1
-17.128728635186285,-1.6454099375400926,1
-16.956853873604864,0.22094738896747579,1
-8.9553396772089897,-3.6882433849964524,1
-16.498677737588018,-6.2498997408543016,1
-12.782083518380254,-1.6915169912968064,1
-9.6613929341975151,-0.86859929148296366,1
-10.319618470543951,-8.5897415835056687,1
-14.877630836838812,-0.36585557047466288,1
-13.089452750557989,-8.9855135637913133,1
-13.626445300454229,-7.9841622072849656,1
-15.81796813713941,-4.2287311512623216,1
-17.437031991356939,-3.9388540941868211,1
-10.990218884820074,-4.72359931055645,1
-16.342343575829595,-1.2530902582798387,1
-10.686637647027105,-0.55601393763164531,1
-9.6996538709345756,-1.6560248095188523,1
-9.2734406064692436,-6.3038779455814744,1
-9.8602011274043022,0.22560847218891134,1
-9.2525284360590874,-8.6133102137241746,1
-9.0440871785822807,-3.2256654459629441,1
-15.38858295189771,-0.69787108484844218,1
-16.838216311806768,-2.8039995390568162,1
-15.259971148842901,-7.2909017759952928,1
-12.039115405824814,-7.7884769404716625,1
-9.848186946657334,-9.1204374993629589,1
-7.4941096074849707,-12.167781349498762,1
-11.089123464372788,-11.110199686367048,1
-13.891738630083237,-10.987454172451033,1
-11.670683599260483,-3.1663918460197582,1
-8.4371089704305273,-10.543279167491926,1
-7.5909061200887304,-4.8940353358574047,1
-9.5506703622609717,-4.1351306403465404,1
-10.979883647707139,-6.8068039382286205,1
-13.547367788103257,-6.1036473477668896,1
-7.1419510610372168,-6.9490241969413891,1
-11.734127379205857,-7.0526522363014355,1
-13.871097780016099,-12.742965694744123,1
-10.993891335275803,-7.11507141240312,1
-13.667888379839097,-12.146511074382795,1
-14.441698051241074,-6.12588524468614,1
-10.386583185938035,-9.2822751963920727,1
-8.9954476125508886,-8.0666875804252758,1
-15.460664726045762,-6.0650014842338695,1
-16.260131336000597,-10.51624750741197,1
-8.0205960042745215,-9.4733893836326732,1
-12.426204658296738,-5.9085994923896923,1
-8.1876432664662939,-7.1753519738502636,1
-13.724087453630601,-10.021349188167585,1
-11.168626523759995,-7.1701639855690136,1
-8.0847673185140234,-5.6952028239555492,1
-13.970492459085618,-10.34426641114427,1
-13.058813191202317,-9.4500865901298656,1
-10.586417294290696,-8.3592897618599071,1
-12.091497159746323,-6.4843273127861156,1
-7.1445231206685644,-3.5374283755607738,1
-7.7050213582784277,-8.2403242553062572,1
-12.780030942705308,-11.623059269268049,1
-15.878906703737412,-7.1090519393272533,1
-10.688979602602158,-5.2478675807304516,1
-7.6883950002462012,-5.3717832530326977,1
-15.2167210347921,-7.794613238651289,1
-9.0626048810750586,-7.94243216164781,1
-16.938590980318224,-5.9469610417671337,1
-9.1877424485952002,-4.2381782496757641,1
-15.90950701310936,-8.1049916113205089,1
-12.076542056348954,-7.013600465137495,1
-16.821029163149035,-4.4082169497795238,1
-13.307044244554673,-6.9895851577110424,1
-15.888680673387681,-3.2263941729850902,1
-12.418515063074265,-10.526947494823469,1
-7.8318238027364355,-4.4523584807701244,1
-12.106708563116227,-3.5151867831535473,1
-11.55858156755272,-8.0985838139839306,1
-11.92952512686608,-8.8682934131925606,1
-10.875712027004935,-13.384912618667414,1
-9.0128230947768468,-12.148545154601862,1
-10.30266224329827,-13.36368668940716,1
-15.781312217167594,-9.548146673709681,1
-7.4224836725508947,-9.9728801336591744,1
-9.3582582372939367,-9.0148803081815743,1
-12.458079447201468,-3.92115796473675,1
-9.0313236612593908,-12.888908990890315,1
-15.179434527806022,-7.6730003443067574,1
-13.124174823216178,-7.5124969568555855,1
-16.468858470371941,-6.5907713260953926,1
-9.8725860018050451,-6.5000828590696358,1
-12.959610452107169,-8.0026223745649361,1
-9.6928381819045324,-4.283490785629084,1
-12.135757495812156,-11.698839792281916,1
-13.506721248081901,-11.567204364806941,1
-16.15262769644616,-10.956756958038142,1
-9.4411761659896154,-8.2594164696043038,1
-7.6976339716231603,-4.7843095150297188,1
-9.1399891275679845,-3.8853937473600411,1
-9.6612923044478674,-5.5123003807371163,1
-8.7979543108260412,-4.3407059994047188,1
-14.167167415074088,-11.814699777633479,1
-15.428224076679923,-7.3488905515974068,1
-7.0957982439315099,-8.6537160959547066,1
-11.29519223158715,-8.0826982345884346,1
-14.282976855686881,-6.8594499912565254,1
-15.802153815678336,-13.121242174178889,1
-16.426578750065545,-7.6962682094877266,1
-10.304613103321769,-13.76822245982342,1
-16.569532622746209,-8.3415039863889717,1
-11.976018835953452,-7.5746324148481392,1
-12.861981083801963,-5.6554206695859932,1
-13.747472752979972,-10.944203981429865,1
-11.531251658848502,-5.8239127483671211,1
-13.688304652622916,-4.2336584415739082,1
-13.578508128575065,-9.8011317339246773,1
-15.120089759281852,-7.0773592081373238,1
-7.5532905954634924,-13.464937814742854,1
-9.3803131479537267,-11.523472675353816,1
-8.881825675419547,-10.280823596984675,1
-14.031364669254996,-8.5310449686353707,1
-11.957876672199943,-4.4062248554533028,1
-11.109051694325187,-8.9186635103528999,1
-7.632525195530631,-8.7496223535841011,1
-16.4902794260299,-12.267737993270686,1
-10.244011868885734,-9.4894879546468758,1
-13.679309834889152,-10.324630626708796,1
-13.54382275526879,-10.530950912505915,1
-11.92952512686608,-8.8682934131925606,1
-13.530253757885673,-8.2854386654203438,1
-15.703670491627433,-9.7866820779150032,1
-11.799959530285575,-6.7671133365934395,1
-15.260308732441642,-5.8879042949979805,1
-12.745012928894736,-5.4544273701017403,1
-8.6343359846389074,-12.011803993255427,1
-12.975231398991324,-12.069759496719172,1
-12.950255264691092,-7.8667929258649849,1
-15.228542556217887,-5.2516094532316231,1
-7.1572596926009435,-13.590648778945734,1
-10.786833753041007,-9.5632633056943916,1
-13.59590982382653,-10.392178544074824,1
-12.978139151982047,-9.5292084899251961,1
-13.751975883892753,-13.052603372604182,1
-7.7893216509139318,-8.3010467377012276,1
-14.645084609440543,-7.1632149305646919,1
-9.5962583917891759,-12.320839771301081,1
-7.4130217928206701,-6.3344112720792793,1
-9.4205768007552404,-8.3163186397855782,1
-14.961479415348746,-9.0928595748250984,1
-11.51525317614434,-11.927626260787775,1
-9.9437242645537633,-6.5351077404325508,1
-7.6895024675643224,-4.9292842235868477,1
-7.7129428285872716,-6.0099657860105538,1
-12.896578897885062,-10.100592025787165,1
-8.9479792017256994,-4.5430265751188301,1
-12.228163768700339,-5.2635380115812325,1
-6.9931728739058752,-8.8556298103635811,1
-12.124110450199821,-9.2961734023397469,1
-14.52079938834069,-12.722584852248957,1
-10.82788585608361,-5.4720617618864082,1
-9.2111127275740881,-4.1461173382108711,1
-11.497214426449515,-5.1235796299284004,1
-14.147787084034659,-6.1993202057188057,1
-16.256737460545281,-9.8221754517858528,1
-13.15519594138024,-7.3626335945432686,1
-14.793352116993644,-12.235739120513728,1
-14.901693810871818,-7.4094762888258003,1
-12.320095886639335,-12.17274487879925,1
-9.0216581720626134,-12.000259050399592,1
-8.1368906397139806,-11.213030942947199,1
-16.466104735783318,-8.6955889549558663,1
-15.525260915211417,-10.707004674941828,1
-9.0313053030288,-11.748848566085627,1
-7.4191801447188634,-10.295244344741633,1
-12.452316870144584,-6.4879592743223213,1
-10.232953419140555,-12.294993528396418,1
-8.206520785740592,-7.3284890737836861,1
-9.7670762438094396,-12.033197769195368,1
-4.8061569945483793,-1.789496536466654,2
-6.7809828536182035,-4.5967158033581335,2
-4.7900983111529936,-0.58539747736173453,2
-9.1222122923999418,1.9901727483539027,2
-3.2129248397021879,-4.519594545576151,2
-4.6132388131290067,3.1136411474017542,2
-0.32233369514042032,0.045896177080098965,2
-0.76841676398807657,-0.84700107118802848,2
-8.3340927378802885,1.2449277684955042,2
-3.6112054602771391,-4.150775547239359,2
-1.3994268195300688,-0.63191592237668814,2
-1.7426494376330961,-4.6829200937481481,2
-2.5997432486682523,1.5121339605121058,2
-0.34099662467533243,-0.17320692083555045,2
-2.8777792470126737,-6.1320120050640661,2
-8.0561202780871977,-1.8514630152912694,2
-6.8176018016009916,-4.784965868207987,2
-1.0345407740741361,0.88249028184694467,2
-3.0538394467502226,-3.2684925749035436,2
-5.6829088346629728,-5.1668132497997838,2
-7.3271924273639311,-2.7684286191196996,2
-6.3491716401248564,-1.8436697079868871,2
-2.6379379050403227,-3.9989236547680456,2
-7.7287203089862455,-0.74633001825528922,2
-8.5954421775012602,-1.8047296955319006,2
-7.9485141055255522,-1.1951231910915929,2
-4.1764941231876005,-1.6261649086208898,2
-7.950196863856851,-0.43799221059995475,2
-6.5139629857211698,-2.373670633050974,2
-3.1880518214374174,-2.4998208834858495,2
-0.4639939086108793,-4.129197235319193,2
-5.2593743221431364,-1.2106203987331945,2
-0.33440435096317422,-2.9301911546917516,2
-5.839141012874185,3.1941102788714808,2
-7.6251581923633207,-6.595923538419779,2
-6.5923138873248686,0.51540077188295541,2
-3.6987915055423368,2.59224546411318,2
-6.2460699097781767,-0.18736183187681021,2
-7.8050032870441068,-1.1823964073391515,2
-6.4278366582065214,2.4770964429644984,2
-6.4469470994144071,-0.55065929434018912,2
-9.1786836402087797,-5.2451983644695837,2
-3.3982750193744291,-4.3379625036449987,2
-8.1684905306964506,0.72286189058107553,2
-3.0066033618121732,-3.8838142111034948,2
-2.985285164561807,-5.9016953661175329,2
-3.8743480460315336,-6.0432225420208532,2
-0.47130668326908243,-1.0156315519543249,2
-6.3828542248874296,-5.3275135709972936,2
-8.7376104609637846,1.5816773221759242,2
-4.8061569945483793,-1.789496536466654,2
-5.5185961143642057,-5.1897755815716344,2
-6.0412617938190092,-3.9555278970928747,2
-0.63685071631961954,0.11598647096437631,2
0.11942779854244101,2.3286718175677699,2
-0.34413945838504922,2.6891564176349085,2
-2.9770185963779081,-3.4474352552624303,2
0.13796722725337851,-5.0615845873089391,2
-5.563015581813394,-2.3101413204403478,2
-8.1909183280139555,2.8839963720111292,2
-6.6247805373340238,1.2413038060931605,2
-2.7506903426318754,-3.8318654253216344,2
-1.7155798689990629,-1.0448026611538488,2
-1.1253336684375395,-6.3037162973614294,2
-4.860394241061746,-6.3448663904400426,2
-4.7734268920093168,-2.040925021383341,2
-7.9147404448657621,-1.8476149394245702,2
0.10893785789913046,-0.22625028631406607,2
-3.5989978329806913,2.6442478940753382,2
-7.5466374175220121,-0.45329212686734976,2
-8.3828645960956205,-4.4849859430523473,2
-6.8564029948382963,-5.9913788988323766,2
-1.6343339697986234,1.2611097142962855,2
-9.4176977889209379,-1.4353877260418493,2
-3.2526489512591947,-2.2353127553196508,2
-9.2267078177600492,0.65164745309633432,2
-9.6983083502917875,0.098145012643758633,2
-9.4712880866199125,-2.7828478767605382,2
-4.9354904310374845,2.5834268377093714,2
-7.2681988494067777,-2.1308347537251073,2
-1.5351172701984037,-3.0710359766216833,2
-7.5481742636829008,-0.53536653063016715,2
-4.112553836551248,-5.8684579088421422,2
-7.3269778506427397,2.6550158307818812,2
-6.2337981478839506,-5.8028403475018102,2
-0.31903922721439493,3.0855029866961878,2
-8.9871839301257719,2.6136277959613246,2
-4.6407552973895658,1.5503238485125941,2
-5.1489191667705168,-6.684152240964945,2
-5.2999644891887296,-5.8291002466412145,2
-5.23996019527012,0.15831590154451547,2
-2.1152223364978422,-0.78824519655423941,2
-4.7076722399860014,0.66562593438905893,2
-4.4524922387271513,-2.9785069181652624,2
-0.015912892070351958,-3.2489675237866003,2
-8.8170369879871,-6.3318544580669958,2
-6.5129321829944242,-4.7722579195232946,2
-4.9642583148151029,2.130629424837057,2
-6.4194288270145048,-5.4827963068218786,2
-7.4486445204883207,2.204021816041891,2
-4.6417715761102762,-2.6893435970674062,2
-1.068923256102952,0.4951079829802012,2
-7.75019290179387,2.2910650714506602,2
-2.2509429666437235,-0.67003240741591696,2
-6.3285395118631449,-3.7366293922791982,2
-9.1811917039789286,-7.5329085842500234,2
-2.0418760988153544,-6.4588417068849111,2
-2.7627744886316385,-3.8080832020173574,2
-2.9438015434183207,0.13578543506760354,2
-6.1838953706659403,-3.9096626297364736,2
-9.0463779184259501,-2.9269983426461721,2
-7.7019252988733378,-4.1393019214997793,2
-8.0131325933374491,-2.8024821535478139,2
-0.62129094332829382,-0.32674422420363669,2
-0.14957167834416296,-5.8101827160249258,2
-7.7962010118402567,-0.52168836749892478,2
-0.17952897280827429,-4.9046048179994131,2
-0.3900096628107157,-2.8146268979440237,2
-7.4882667276300516,-4.9681948677430654,2
0.26511261731013391,-1.0239534632096792,2
-4.2997994634546366,-3.1117569462190176,2
-4.6097072574533549,-4.0012847439179922,2
-5.6234070274271097,1.3575261577238535,2
-6.7696240159906473,-0.10279717601638083,2
-9.0637052270807352,-7.6401025310884023,2
-1.0075972291864481,1.2219930633177256,2
-6.6221484157480326,1.752673481332252,2
-6.7230367872156229,0.87515768848557229,2
-7.6773674699701395,-0.5696510330567861,2
-2.3710456106103983,-2.0128988281617666,2
-8.3530171129144755,1.8371218188871836,2
-0.51087929934636023,-2.8799309388528371,2
-4.7012674424089518,-3.7334927574525381,2
-1.1290619584955302,2.1545246585478282,2
-1.6930206033624735,-0.8517627970109487,2
-3.4175309154428568,-3.9983893886933828,2
-0.73019768923893835,-4.4151835695634389,2
-5.5703964445032206,-4.9482606903443838,2
-6.5191909286417093,-0.75841715492110495,2
-2.3734786722101298,-1.6937022463212514,2
-4.8616954299844828,0.34067520939011331,2
-3.9125033828653422,0.74435791813034768,2
-1.9803841325677958,-5.8965858475099111,2
-1.3042338106073466,1.6308372958769297,2
-1.7783076974786845,-0.18874325908522849,2
-2.9399516794122782,-3.6747260943780446,2
0.073816516693678835,-1.7946468845735097,2
-5.9176191303171244,-5.1364981190095449,2
-4.3739792320169535,-5.7888466373811269,2
-2.9248705121912089,-3.1018494621644521,2
-4.6417715761102762,-2.6893435970674062,2
-8.8821652147211161,-3.4269290224442983,2
-1.7361238214410868,-1.1799805418382192,2
-0.63968207568303015,2.2710503085722422,2
-5.3055914852060404,1.4756611331572032,2
-3.9377709838785258,0.50136742435593362,2
-1.2516091081537333,-6.2597967640290761,2
-2.9389652225412455,0.26231131397385354,2
-1.66513111323491,-3.2482161179910207,2
-6.7539904329217997,-2.8845902339349294,2
-4.0681179973520365,-3.7729029909501577,2
-8.2271025392450419,-5.9438148990998769,2
-1.5757177087701884,1.093423460351417,2
-8.8780186387933817,-3.4010030881295705,2
-3.7439629051126566,-1.0997878567109609,2
-6.1611569139398661,-7.6438981548676992,2
-2.3010642740167704,-2.5437044159303213,2
-2.8995653602518168,-4.8104378239045644,2
-9.005632183257493,-3.1521176353822256,2
-3.2798292848505106,0.61752447925705667,2
-3.5910275194086161,-1.8412457958589101,2
-2.3636062356866923,2.056905601846168,2
-7.1309859964288798,-3.1328939453492666,2
-0.2032420846857157,-5.8283592716584707,2
-9.2956979486383524,-4.1401192203889394,2
-6.3090722772516337,-2.448221351278832,2
-6.3784244272150126,-7.0770350948701406,2
-0.9159507963098612,-5.4164704338441396,2
-2.5637271615900126,2.2101791843046641,2
-4.6964981767572489,-1.5700476423631216,2
-6.9193079683221903,-5.3000821129212881,2
-4.6508398267664042,-0.79714229263167624,2
-1.5353391382135477,-0.70551266826491599,2
-2.70081546038762,-6.9730116382966543,2
-4.4147076818384257,-5.8428966061006093,2
-1.9892504426874247,1.5771368487944102,2
-2.0291593286432352,-5.1013504520783926,2
-8.5541229459680643,-7.2852212444673086,2
-9.2725231859125223,-1.9930933967957998,2
-1.5401163312830057,-7.0805999294648672,2
-0.97738005847111609,-7.2201191440949941,2
-9.0070445749200907,-6.9828244701753164,2
-6.1950996133722391,2.2487629397978282,2
-1.7559066030420389,-6.7818070904145742,2
-5.4468068096078959,1.8230312808622813,2
-7.4183123323358622,-2.321147228849938,2
-6.3711886617578593,-6.2057270065675283,2
-3.980572483245286,-3.8143989101777578,2
-3.8964148971475687,-5.1726786152253652,2
-8.7669904443658915,-2.5717990652452016,2
-4.0938201813166089,-4.6090173263490062,2
-6.4616614250605053,-0.5960506935059886,2
-7.3971742062036938,-9.4763268966615062,2
0.060147199207072788,-2.789034201616035,2
-0.24605664295601315,-3.7591605920731883,2
-1.3047984508936352,-9.5242304344117503,2
-3.5199508337442822,-2.0021986503541331,2
-2.9880336193506665,-1.6560983200013499,2
-3.3364424375956006,-5.8766719837128978,2
-1.0222230820124096,-8.4228086013734202,2
-7.680901375240559,-6.8828634757935863,2
-8.4609356789057202,-6.5590661306321483,2
-7.5166741280023999,-8.2258140582978587,2
-5.3881853489344067,-8.1793107528626781,2
-2.6389560369913525,-0.40840335082410384,2
-5.6314719585840649,-7.1671113510072093,2
-6.2237440018122143,-0.44054217528699446,2
-3.6819717554514355,-4.9217608113229137,2
-8.6325913338129467,-0.18204016875623275,2
-8.7039252190058178,-8.5739759941041331,2
-2.288772788471455,-4.0978574294984202,2
-5.2168795732920117,-5.9873401660859447,2
-4.2996752528612561,-5.1731276054322581,2
-2.6156518129770703,-5.9415921707093577,2
-6.3077803520624585,-8.4258536834657054,2
-5.6005963949625439,-5.8627476234376292,2
-7.8009727863733715,-4.5596020955979686,2
-5.5350861219828076,-5.0624903578698497,2
-4.7505393890802807,-0.34047026824353743,2
-4.0523728994791455,-6.4720298786103587,2
-5.4230562118952221,-0.73952551078198958,2
-2.8683570293848462,-4.5550953884065013,2
-8.6617241768305249,-2.8523563880860667,2
-1.7361071972315258,-1.7531494636475902,2
-8.1582723526422924,-1.5773570079743724,2
-6.6170483498041577,-8.791547252649055,2
-7.5509987739984936,-2.3378896255433421,2
0.012414369159465366,0.19787888336779069,2
-1.3642536072199292,-3.663513018602119,2
-6.8927462963526196,-0.87425656508801985,2
-1.4399395851557202,-0.560770942682014,2
-4.501200344986195,-5.4982554454743724,2
-0.13023051304268307,-7.4648763675629954,2
-7.1802671818201489,-6.1003356714188914,2
-4.4420838622515149,-9.1373614807069163,2
-0.66031321567940182,-7.8673722286164622,2
-4.6834206847612805,-0.93716569136975814,2
-3.6800214914743847,-3.633528306001411,2
-5.5176776318018383,-1.7215566177308421,2
-6.0673651365702099,-1.0725497741639476,2
-4.0938201813166089,-4.6090173263490062,2
-5.8302904037897534,-6.2761181135117869,2
-6.2575620083277173,-1.4950108070313792,2
-7.1442366508905835,-1.6712803382813792,2
-1.6938420204584546,-2.8374343652665477,2
-6.0332883266870923,-3.6179548044144969,2
-3.3975562719767041,-4.019769384378181,2
-3.6564103035395092,-2.1758131523072581,2
-2.7707574037973828,-1.6160010833680492,2
-4.9142930178110547,-2.0125436325013499,2
-8.1731077103083081,-9.1315803070008617,2
-0.22394761127876706,-1.5599965591370921,2
-3.0867240099375195,-6.0035213966309886,2
-3.146118250316853,-9.2779206771790843,2
-5.1225295929377026,-1.6045498390138011,2
-6.8557687668268628,-1.9904369850098949,2
0.75657978969169193,-0.481730415338264,2
-6.6417842773859448,-7.9092506904542308,2
-2.522726383632893,-6.74921937178968,2
-7.9977193741266674,-0.25496764373181868,2
-4.0566733745996899,-0.95228476714490462,2
-5.9063106445734448,-2.9358177919328075,2
-2.1114823488657422,-1.9630956191956859,2
-2.4381450085108227,-7.4893180866181712,2
-5.2324465183680005,-7.0783094901978831,2
-5.4544970659677929,-7.1889216442048411,2
-8.1693435577814526,-6.6640467185914378,2
-7.3670025734369702,-6.714119388574348,2
-1.8581090835993237,-0.37392230224011946,2
-2.6788327364389843,0.060825870519890302,2
-8.1402688888971753,-4.7180112738549571,2
-4.7711447147791333,-2.7875738878190379,2
-4.8409948019449658,-3.4092479486405711,2
0.19093934016776615,-3.6128007907807689,2
-3.7286034492914624,-5.419310285562263,2
-2.6872244743769116,-7.4438075561463695,2
-1.1598852543299145,-6.9388875503480296,2
-6.7003453640406079,-8.8838829536378245,2
-6.9378856090967602,-5.2515279788911204,2
-6.8369708923761792,-7.5024632949769359,2
0.68820754008842044,-4.3406557578980784,2
-8.9700885681574292,-8.0537290115296702,2
-6.6832829384272046,-4.2421584863602977,2
-6.60287961048531,-7.4572541255891185,2
-4.6075099973146862,-2.589793159478889,2
-7.4171820549433178,-1.9120244522034984,2
-5.9712967543070263,-8.8373507995545726,2
-4.9602255491678662,-1.3012325305878978,2
-3.5875991253321118,0.061201618200554364,2
-4.4393432406847424,-1.931676818841682,2
-1.9020146021419322,-4.3090683061487578,2
-5.260278809981898,-0.84322629755805956,2
-2.9872959742122447,-4.8147752720720671,2
-5.3881970533901011,-5.5586198408014678,2
1.5209246983951772,-5.1896494466669463,2
-3.2840555796199595,-5.8804007608301543,2
-2.0347306022220408,-1.0994845468408965,2
0.093926798386021915,-3.3940672714121245,2
-2.2791302094035899,-2.0739675599939726,2
2.5093623509830678,-0.22845040148567186,2
-0.98380206914480084,-7.8162330228693389,2
-0.18565832467611187,-0.025224312008132799,2
-3.8553718218379771,-0.57134495562385545,2
1.4517825951999868,-6.7538579542047881,2
0.34165562300150043,-2.0508771974451445,2
-5.1122811922603404,-0.58658777064155565,2
-2.7283033618503367,-6.819015129268875,2
-6.6407416948848521,-6.400290592373123,2
-3.9869829306178843,-5.8931699830896758,2
-4.9563833365016734,-5.0513404447443389,2
-3.4290126452022349,-3.6553203899271391,2
-6.4147161135249888,-1.789140804470291,2
-0.1146244892650401,-3.599873169124832,2
1.6853500714725698,-5.4855068761713408,2
-1.694115389304713,-2.1692811090357207,2
0.16431440023843891,-1.3782607156641387,2
1.5508216729587758,-6.9159613687403105,2
1.8005811086124623,0.56112660580802931,2
-5.004419434981898,-5.6389546234018706,2
-4.8401929029994761,-3.8704615671045683,2
2.995019566101476,0.022587673007736342,2
0.10725845007364399,-0.64575539416145311,2
-6.7236608156734263,-0.29880581682991014,2
-3.1173062214427745,-4.9526476699716948,2
-2.0728281030231273,-1.4023393232233428,2
-6.8905871996455943,-6.5549908716089629,2
-1.7566221842342173,-6.3623968202478789,2
-0.91826855035360211,-8.5326033670313262,2
-3.5446742662959849,0.39485205823112501,2
-6.0652025827937877,0.096503631412277358,2
-5.3600872644954478,-1.5287123758203887,2
0.86303056387369281,-2.8350531894571684,2
-6.0145586618953502,-1.4838744241602324,2
-3.1096869597011363,0.43842162305046095,2
-2.2691279539638316,-2.6275366384394072,2
-5.2302788385921275,-4.2296600181467436,2
3.092863689941808,-5.7968693811304473,2
-4.5523522982173716,-5.8919787246591948,2
0.15867174772684223,0.1477955740087129,2
-5.9407552370601451,-8.2244494993097685,2
0.23499583755338094,-2.9892926172676582,2
-1.6887202307144413,-2.8978859142723579,2
-3.2900233313003788,-6.4557411627235908,2
4.6377935365279903,-7.5165204958382148,2
-1.8639841123977909,-3.2147439078751106,2
4.8779621080001583,-2.6880209402504462,2
4.1762552217086544,1.0169596715507012,2
4.1956100419601192,-0.14654564422993843,2
0.86897468124234578,-3.7159495310249824,2
-1.8746244951645146,-2.7191101269188422,2
2.9276153997024288,-3.7897001461449165,2
0.60216998611295125,-6.1508064226570625,2
-2.9509322687546025,-4.8890271143379707,2
-2.4002511545578251,-0.11971330208211128,2
-1.3229432150284062,-1.4557205395164985,2
-0.97247291053927043,0.54663849311442192,2
-3.8856291815201054,1.991345409923504,2
0.60964560066068074,-0.59413194221883003,2
-1.3107121035019169,-1.0661010698738593,2
-2.8765718981186161,1.5528092427787286,2
2.2623743966659298,-0.71115183395772164,2
2.495465751036047,-4.4117461399498481,2
-3.235876087800623,-2.2859822468224067,2
0.51869785343015096,-4.3014295057716865,2
3.3695440248092403,-3.5447021083298225,2
1.9486252025207271,1.0686869664725762,2
2.8257141069015255,-3.800503488010456,2
-3.3926506086746464,-6.0296421007576484,2
-0.42608523811495402,-6.5724935488167304,2
-3.8837862059036503,-0.50569343132405464,2
0.36030149017178914,-6.7795185999336738,2
-4.6206984564224491,-2.3372684673729438,2
4.7490501359542598,-3.8663564876976508,2
-3.9180650755325566,-1.0228036598625678,2
2.5623621896346798,-7.6495981172981757,2
3.0570194676955929,0.46517801719279106,2
-3.8335452124038945,1.0580735250052911,2
-1.3714482828537236,-1.8694071726265449,2
-2.6782851263443241,-6.0233154253426093,2
3.2492325261672725,-7.1210055307808418,2
-0.60399318184053996,0.63479805427164848,2
-4.5542359396377812,-0.69598531288533394,2
-4.1431689306656132,-3.2829021171989936,2
-1.5511300608078251,-3.184976156181385,2
-0.023024623052240401,0.55981636481852348,2
0.54761862312161824,-1.2425045923653144,2
4.3328809693893184,-5.1505479769173164,2
4.071978087767004,-3.8422464088860053,2
2.062020058973669,-1.8448286013069648,2
-4.445778374330164,1.0336389585074883,2
1.6048743245375547,-2.7493334011074566,2
3.3462103125822935,-2.7943539813992047,2
1.4836962935698423,-0.94884397544827692,2
3.3981933114302549,-0.57593872108426325,2
-0.24356286551829243,-2.3663455442425274,2
-2.0740545275437441,-7.5398121074673199,2
3.9282018658888731,-4.8906538681026959,2
5.4324199673903379,-7.1397547916409039,2
-2.8029773714768496,-6.6481893257137799,2
4.1891095158827696,-7.0510382846828961,2
4.5216104504835997,-1.8738538221355938,2
6.0396677968275938,2.0471958919528461,2
4.2722174641859922,-0.54612042465176813,2
4.5681097028029356,0.67438242874178655,2
-2.585789490007123,1.5576858325961567,2
-1.9727008822190371,-7.3253407672878765,2
-3.2225111010300722,-1.4349138931271099,2
-3.0144503596055117,2.2035655780795551,2
-1.8436270239579287,-0.86271049537625544,2
-1.1955805304276552,-3.139218707465794,2
4.6237298962843809,-3.8472891048428082,2
2.8052987572920713,-3.5675969914433026,2
2.9175337073576841,-4.4229636386868023,2
4.9084796426070127,-7.0814271167751812,2
5.2462579724562559,-7.3649563983913922,2
4.476008605696002,-3.9681616024014019,2
-2.1610911371934023,-5.2430739597317242,2
4.0286316392195616,-1.4352065519329571,2
-2.4913490298020449,-2.533786316299107,2
1.368386637903491,-0.37585975685086481,2
3.8498260495436583,-0.34783007659878962,2
1.3866784093153868,-7.3959503368374371,2
5.4051770684492979,1.6972179218295551,2
0.92877228233937359,-2.0396495059963726,2
4.8959626672041807,-4.0894665912624859,2
1.9712885138762388,-6.7623868183132672,2
0.36530609104756451,0.43704793891939886,2
-1.4877450945603457,1.7499131961825825,2
1.8791653630507383,-2.3134362892147564,2
3.2999696252119932,-4.295880575561192,2
-1.2636385443436708,-2.8362336949345135,2
-3.0029619219529238,1.5277905269626118,2
4.0991503712904844,0.59568832359347113,2
0.67898977968815899,1.4704079433444477,2
-2.8399432184922304,-6.3341462806698345,2
-1.0315905096757021,-3.7605300144192242,2
1.5824060556662474,-6.7595763401028179,2
-2.6367061617600527,-2.3707628444668316,2
-0.67530875232096577,-0.47428252258267634,2
-0.60717349078532123,-7.6964655117031597,2
1.6048743245375547,-2.7493334011074566,2
5.3300549504530821,-1.7544293598171734,2
-0.46747617747660541,0.60287998161349066,2
1.9961180207503233,-3.8779854969021343,2
3.6411406514418516,1.513360957718227,2
3.3730842587721739,0.46692893943819769,2
1.5501229879630003,-1.1188906625744366,2
5.1272096154463682,1.5760993762973286,2
2.959858965612689,0.017228583908412531,2
4.9668642995131407,1.379971007919643,2
0.18077750179890728,-3.3463657096859478,2
-0.81429677035685444,-2.8754648760792278,2
-1.6375506403672304,-1.1170387462612652,2
3.2317991969359312,-3.3695602611538433,2
-0.052829790376385688,-3.1771323279377484,2
-0.87232594516154194,-2.5298804239269757,2
-0.087642717622479438,-2.4876439765926861,2
-2.7451999666916933,-4.1058614448544049,2
-0.91805367495890522,-3.847739477538731,2
-1.8537669661271181,-5.2080831722256207,2
-1.3094070437180605,-4.4107690052029156,2
4.2953314301741514,-2.5727433160778546,2
1.7884280202162657,2.1524834438327289,2
-1.7400856497513857,-2.3267394498821758,2
-2.7290280344712343,0.82251737556490667,2
-3.0190713885056581,-3.0066383079525494,2
-0.8252766611802187,-2.1275735095974468,2
-0.8930573942887392,-0.17795755424466364,2
1.6683473107588682,-3.932416220092442,2
4.4876720425856504,-6.3519020275112652,2
-2.0071881296860781,-6.1396982864376568,2
4.7724081990492735,-6.2798004344936871,2
4.8709890362990294,-3.6257863239285015,2
3.2946701762450132,-6.9952392772671246,2
-1.2289729597794619,0.27491329155001409,2
2.9607220408690367,-7.1559486583706402,2
2.2039504763853941,-5.4660103515621685,2
3.7095274445784483,-5.3323035434719586,2
0.84348876450184918,-6.005653877639439,2
5.447530936933795,-2.5798863367077374,2
-0.56774382617350483,-3.0486411050793194,2
2.5750621077788267,0.51686332664522894,2
0.37788672421101666,0.94148204765352972,2
-2.767669487260541,-2.076180000686314,2
-2.5547559740769472,-4.619236607932713,2
2.3035385129225645,-2.7455580429073834,2
-3.2800281527268496,-4.5992126659389996,2
1.7970623490584288,-4.3315756515499615,2
2.086973976827899,-4.7398648456570172,2
-2.0441556456315126,-3.6630174712177777,2
0.12540555859464675,-5.0289459546293589,2
3.2288782682504085,-1.1830742676939341,2
-2.9385995778952214,-6.2117514928068491,2
1.6166833725060847,-8.7340364773954722,2
-1.457634440413532,-0.60554412204879249,2
-4.8138611230764958,-4.4577516635145518,2
3.8195087995614436,-8.317095549889979,2
1.8064174738015559,-4.1266484578337046,2
4.1163370695199397,-7.3762867768492075,2
-4.3335916910086247,-2.4812426884855601,2
0.04412896300214797,-9.0928783734526011,2
-0.40023796891313523,-2.7986455281462046,2
3.2610378351296809,-7.4511466344084116,2
-4.13166212176424,-8.6013064702238413,2
3.4376416292275813,-4.1474498828138682,2
3.7567784872140315,-2.0183267911161753,2
-1.3973801050100896,-1.3879425843443247,2
-3.3057880315695378,-8.1671595891203257,2
-1.5515069875631902,-6.288977177926478,2
1.1999956455315974,-7.9719472249235483,2
2.7038440790261653,-6.0882909615721079,2
3.9640507783975032,-0.61457112629073585,2
-4.7113239679251286,-2.8020842393125864,2
0.93359328175443679,-6.3802672942365977,2
-3.8159477624807927,-1.3788023312773081,2
-4.0004680070791814,-3.5985465367521616,2
-1.7611246023092839,-2.4467826207365366,2
0.44373846913236648,-0.25103572208541358,2
3.8587205495919612,-5.1803724487509104,2
-4.5973179254446599,-2.1426654179777476,2
-2.2418010148916814,-2.4160535653318735,2
2.8142478551949885,-4.7222913821424815,2
-3.2090997610006902,-7.3743319829191538,2
-2.329993477812824,-2.4408896287168833,2
2.4963603105630305,-2.5654871781553599,2
2.8364429559792903,-9.2294636090483042,2
4.9251606550301936,-6.6744766553129526,2
0.3005383100594905,-8.9573774655546519,2
3.9289639082040217,-1.0939772446836802,2
4.0778730001534846,-3.4538222869123789,2
-0.37448608016115159,-5.8798997123922678,2
2.5843479719247249,-6.5058944543089243,2
1.663905152329388,-6.9215069134916636,2
-2.8258514318380925,-5.2261810024465891,2
-2.5836584482107732,-0.71124556858199561,2
0.17035699749845534,-0.58913853962081397,2
-1.7963218603048894,-3.4912671168531748,2
-3.2196018609915349,-7.7119372208799692,2
-1.8136637124929997,-4.6110399087156626,2
4.1297581281747249,-8.4693937619413706,2
0.12540555859464675,-5.0289459546293589,2
0.32695270443815261,-4.6893419345106455,2
0.9423009243096736,-9.9402795155729624,2
-1.3221152934942815,-5.576372893639979,2
-0.78910791014772386,-5.2808351834501597,2
-0.49109273289781541,-6.2525623162474009,2
-2.2156922731314275,-9.4816494305815073,2
-4.7003133211050603,-0.21576217014449561,2
-1.3392194423590276,-8.5865156968321177,2
3.7769649114694026,-7.3468537648405405,2
-2.2626924428854558,-1.1358943303312632,2
4.840742835053387,-6.9637976010526987,2
-1.6652965459738347,-1.3218345959867808,2
-0.86539768313508958,-0.18799022037642921,2
-0.18307619427782029,-5.5841456373419138,2
3.371288546570721,-1.7541821320738169,2
-1.8006467733297917,-2.8611708005155894,2
-4.0419142160330388,-5.2604858597006174,2
1.1038777914132503,-8.0863330682005259,2
-0.6708129558477971,-5.4369397481169077,2
-2.7656509790335271,-3.3495654185499522,2
0.28645790482419997,-2.8734858353819224,2
-3.1956100377951238,-5.9127350171293589,2
2.3319766607369807,-4.6046920140470835,2
0.90821004773038894,-1.5215320904936167,2
2.103399404534283,-4.9621827920164439,2
2.2915313329781917,-8.3223414738859507,2
3.8274543371285823,-9.0225360711302134,2
1.3224814024056819,-2.7323658784117075,2
3.1214168157662776,-8.8539493401731821,2
-1.5166008386526677,-7.8407616933073374,2
-1.376701823226032,-1.3712437470640513,2
1.4248839702691463,-1.1593194325651499,2
2.560107954987469,-0.49630454380172218,2
0.85554934407133132,-3.0291350205625864,2
3.0481777277078059,-0.63606170017379249,2
4.6516983594979671,-8.2013840993131968,2
-1.1982318077002141,-8.9032676537718149,2
-3.9293167505179021,-2.5721104462828013,2
1.0723201122369197,-9.6844911893095347,2
0.029818483838024434,-0.94167617160933936,2
2.3967537965859798,-2.0773806889738413,2
-4.1885621461783025,-1.6443641503538462,2
4.9381444540109065,-0.069982560464319832,2
-2.4778101358328435,-0.27490237552779639,2
-4.1841957483206365,-8.6800451596464487,2
-0.3488331351194951,-2.8659653981413218,2
-0.56369953488450975,-7.2407317479338023,2
-0.76815032099824876,-1.4845104535307261,2
-2.2921159181509587,-0.94715693790572608,2
